{
  "meta": { "great_expectations.__version__": "0.9.2" },
  "expectations": [
    {
      "expectation_type": "expect_table_row_count_to_be_between",
      "kwargs": { "min_value": 39, "max_value": 59 },
      "meta": {}
    },
    {
      "expectation_type": "expect_table_column_count_to_equal",
      "kwargs": { "value": 15 },
      "meta": {}
    },
    {
      "expectation_type": "expect_table_columns_to_match_ordered_list",
      "kwargs": {
        "column_list": [
          "marketplace",
          "customer_id",
          "review_id",
          "product_id",
          "product_parent",
          "product_title",
          "product_category",
          "star_rating",
          "helpful_votes",
          "total_votes",
          "vine",
          "verified_purchase",
          "review_headline",
          "review_body",
          "review_date"
        ]
      },
      "meta": {}
    },
    {
      "expectation_type": "expect_column_values_to_match_regex",
      "kwargs": { "column": "marketplace", "regex": "US" },
      "meta": {}
    },
    {
      "expectation_type": "expect_column_values_to_not_be_null",
      "kwargs": { "column": "marketplace" },
      "meta": {}
    },
    {
      "expectation_type": "expect_column_values_to_match_regex",
      "kwargs": { "column": "customer_id", "regex": "\\d{6,8}" },
      "meta": {}
    },
    {
      "expectation_type": "expect_column_values_to_not_be_null",
      "kwargs": { "column": "customer_id" },
      "meta": {}
    },
    {
      "expectation_type": "expect_column_values_to_not_be_null",
      "kwargs": { "column": "review_id" },
      "meta": {}
    },
    {
      "expectation_type": "expect_column_values_to_be_unique",
      "kwargs": { "column": "review_id" },
      "meta": {}
    },
    {
      "expectation_type": "expect_column_values_to_not_be_null",
      "kwargs": { "column": "product_id" },
      "meta": {}
    },
    {
      "expectation_type": "expect_column_values_to_not_be_null",
      "kwargs": { "column": "product_parent" },
      "meta": {}
    },
    {
      "expectation_type": "expect_column_values_to_not_be_null",
      "kwargs": { "column": "product_title" },
      "meta": {}
    },
    {
      "expectation_type": "expect_column_value_lengths_to_be_between",
      "kwargs": {
        "column": "product_title",
        "min_value": 10,
        "max_value": 128
      },
      "meta": {}
    },
    {
      "expectation_type": "expect_column_values_to_not_be_null",
      "kwargs": { "column": "product_category" },
      "meta": {}
    },
    {
      "expectation_type": "expect_column_values_to_not_be_null",
      "kwargs": { "column": "star_rating" },
      "meta": {}
    },
    {
      "expectation_type": "expect_column_values_to_be_between",
      "kwargs": { "column": "star_rating", "min_value": 1, "max_value": 5 },
      "meta": {}
    },
    {
      "expectation_type": "expect_column_values_to_not_be_null",
      "kwargs": { "column": "helpful_votes" },
      "meta": {}
    },
    {
      "expectation_type": "expect_column_values_to_not_be_null",
      "kwargs": { "column": "total_votes" },
      "meta": {}
    },
    {
      "expectation_type": "expect_column_values_to_not_be_null",
      "kwargs": { "column": "vine" },
      "meta": {}
    },
    {
      "expectation_type": "expect_column_values_to_be_in_set",
      "kwargs": { "column": "vine", "value_set": ["Y", "N"] },
      "meta": {}
    },
    {
      "expectation_type": "expect_column_values_to_not_be_null",
      "kwargs": { "column": "verified_purchase" },
      "meta": {}
    },
    {
      "expectation_type": "expect_column_values_to_be_in_set",
      "kwargs": { "column": "verified_purchase", "value_set": ["Y", "N"] },
      "meta": {}
    },
    {
      "expectation_type": "expect_column_values_to_not_be_null",
      "kwargs": { "column": "review_headline" },
      "meta": {}
    },
    {
      "expectation_type": "expect_column_value_lengths_to_be_between",
      "kwargs": {
        "column": "review_headline",
        "min_value": 8,
        "max_value": 128
      },
      "meta": {}
    },
    {
      "expectation_type": "expect_column_values_to_not_be_null",
      "kwargs": { "column": "review_body" },
      "meta": {}
    },
    {
      "expectation_type": "expect_column_values_to_not_be_null",
      "kwargs": { "column": "review_date" },
      "meta": {}
    }
  ],
  "expectation_suite_name": "amazon-product-reviews",
  "data_asset_type": "Dataset"
}
